atomics, ghcr.io/ocicl/atomics@sha256:56c5604d3081173d5bb749d64a7952767eadbf9c2a6f9cc100583af9bd23c315, atomics-20250201-ff170cb/atomics.asd
atomics-test, ghcr.io/ocicl/atomics@sha256:56c5604d3081173d5bb749d64a7952767eadbf9c2a6f9cc100583af9bd23c315, atomics-20250201-ff170cb/atomics-test.asd
circular-streams, ghcr.io/ocicl/circular-streams@sha256:4e63fd6b983fea03cc2b71af8b22cdc492ea4393538ca5b4cec762a561e15060, circular-streams-20240503-e770bad/circular-streams.asd
circular-streams-test, ghcr.io/ocicl/circular-streams@sha256:4e63fd6b983fea03cc2b71af8b22cdc492ea4393538ca5b4cec762a561e15060, circular-streams-20240503-e770bad/circular-streams-test.asd
cl-dbi, ghcr.io/ocicl/cl-dbi@sha256:2562e0b2c1ed9eed53113172ec62a564518a8987732862f638584928840f348f, cl-dbi-20240907-8dbd2cc/cl-dbi.asd
cl-pass, ghcr.io/ocicl/cl-pass@sha256:2fc31a528c9d889c7f69fddf2d54ebeeceb482b8df57d7258435e5451ce222d8, cl-pass-20240503-e58e97c/cl-pass.asd
cl-pass-test, ghcr.io/ocicl/cl-pass@sha256:2fc31a528c9d889c7f69fddf2d54ebeeceb482b8df57d7258435e5451ce222d8, cl-pass-20240503-e58e97c/cl-pass-test.asd
cl-template, ghcr.io/ocicl/cl-template@sha256:77fe11d9e0a68bbc8333b94825145c8313dbeba422a71588f6d8e00e1d3807a4, cl-template-20240503-46193a9/cl-template.asd
clog, ghcr.io/ocicl/clog@sha256:6bfbd7b771c0a9ed8b0a17e0017025a8a945bcadedbe6cccc5f500b8fd6fa0e0, clog-20250306-bb6ce32/clog.asd
dbd-mysql, ghcr.io/ocicl/cl-dbi@sha256:2562e0b2c1ed9eed53113172ec62a564518a8987732862f638584928840f348f, cl-dbi-20240907-8dbd2cc/dbd-mysql.asd
dbd-postgres, ghcr.io/ocicl/cl-dbi@sha256:2562e0b2c1ed9eed53113172ec62a564518a8987732862f638584928840f348f, cl-dbi-20240907-8dbd2cc/dbd-postgres.asd
dbd-sqlite3, ghcr.io/ocicl/cl-dbi@sha256:2562e0b2c1ed9eed53113172ec62a564518a8987732862f638584928840f348f, cl-dbi-20240907-8dbd2cc/dbd-sqlite3.asd
dbi, ghcr.io/ocicl/cl-dbi@sha256:2562e0b2c1ed9eed53113172ec62a564518a8987732862f638584928840f348f, cl-dbi-20240907-8dbd2cc/dbi.asd
dbi-test, ghcr.io/ocicl/cl-dbi@sha256:2562e0b2c1ed9eed53113172ec62a564518a8987732862f638584928840f348f, cl-dbi-20240907-8dbd2cc/dbi-test.asd
hello-builder, ghcr.io/ocicl/clog@sha256:6bfbd7b771c0a9ed8b0a17e0017025a8a945bcadedbe6cccc5f500b8fd6fa0e0, clog-20250306-bb6ce32/tutorial/28-tutorial/hello-builder/hello-builder.asd
hello-clog, ghcr.io/ocicl/clog@sha256:6bfbd7b771c0a9ed8b0a17e0017025a8a945bcadedbe6cccc5f500b8fd6fa0e0, clog-20250306-bb6ce32/tutorial/13-tutorial/hello-clog/hello-clog.asd
http-body, ghcr.io/ocicl/http-body@sha256:9582cd3d8ee1720d13bbfc9be857a8e41c927aebf9882fc8a5a2842fa5f80ddd, http-body-20241126-6c84ce8/http-body.asd
http-body-test, ghcr.io/ocicl/http-body@sha256:9582cd3d8ee1720d13bbfc9be857a8e41c927aebf9882fc8a5a2842fa5f80ddd, http-body-20241126-6c84ce8/http-body-test.asd
iolib, ghcr.io/ocicl/iolib@sha256:953f1cb142e647da50562d51eca562afc2c5b941b89ae622332b53c7dbed7e1b, iolib-20240503-396cc43/iolib.asd
iolib.asdf, ghcr.io/ocicl/iolib@sha256:953f1cb142e647da50562d51eca562afc2c5b941b89ae622332b53c7dbed7e1b, iolib-20240503-396cc43/iolib.asdf.asd
iolib.base, ghcr.io/ocicl/iolib@sha256:953f1cb142e647da50562d51eca562afc2c5b941b89ae622332b53c7dbed7e1b, iolib-20240503-396cc43/iolib.base.asd
iolib.common-lisp, ghcr.io/ocicl/iolib@sha256:953f1cb142e647da50562d51eca562afc2c5b941b89ae622332b53c7dbed7e1b, iolib-20240503-396cc43/iolib.common-lisp.asd
iolib.conf, ghcr.io/ocicl/iolib@sha256:953f1cb142e647da50562d51eca562afc2c5b941b89ae622332b53c7dbed7e1b, iolib-20240503-396cc43/iolib.conf.asd
iolib.examples, ghcr.io/ocicl/iolib@sha256:953f1cb142e647da50562d51eca562afc2c5b941b89ae622332b53c7dbed7e1b, iolib-20240503-396cc43/iolib.examples.asd
ironclad, ghcr.io/ocicl/ironclad@sha256:3117e5a26a3e94924074c3548c235a2b733609ed61a2731880ac9e31df55428b, ironclad-20240503-6da010f/ironclad.asd
ironclad-text, ghcr.io/ocicl/ironclad@sha256:3117e5a26a3e94924074c3548c235a2b733609ed61a2731880ac9e31df55428b, ironclad-20240503-6da010f/ironclad-text.asd
linedit, ghcr.io/ocicl/linedit@sha256:554f70e207be3c0685b2217836222e66d5cdf584bb2785d47cfad7af7c8b342f, linedit-20240503-0561c97/linedit.asd
osicat, ghcr.io/ocicl/osicat@sha256:7b40b8c7feeffbb683f2b885cd964767f0d63ece7f22ff31120e4598a402bd1c, osicat-20241215-37a3521/osicat.asd
parse-float, ghcr.io/ocicl/parse-float@sha256:127149a306dfd407dc5794b3bbfc13456adc1c2ec8c29ac449ee43dfc8fe1d6b, parse-float-20240503-3074765/parse-float.asd
pythonic-string-reader, ghcr.io/ocicl/pythonic-string-reader@sha256:6f0c22694e7d6b2143d116eec0f568e775343167d35c1ed36d624e485f54b3e3, pythonic-string-reader-20240503-47a70ba/pythonic-string-reader.asd
sqlite, ghcr.io/ocicl/sqlite@sha256:a7f80757e6ee13af06e2eeaeff1e079dba439d85ea5c7f68e262bccc40dcbd5c, cl-sqlite-0.2.1/sqlite.asd
sqlite-tests, ghcr.io/ocicl/sqlite@sha256:a7f80757e6ee13af06e2eeaeff1e079dba439d85ea5c7f68e262bccc40dcbd5c, cl-sqlite-0.2.1/sqlite-tests.asd
swap-bytes, ghcr.io/ocicl/swap-bytes@sha256:06edc17deb0f27cdf6290689711ece670a8282dfd07b732a9adc541af1ce7ed6, swap-bytes-20240503-43ab141/swap-bytes.asd
terminfo, ghcr.io/ocicl/terminfo@sha256:757600cbe8a623f83714651b96ddee6956647bb3309d37be9e6f7ec3e6b58710, terminfo-20240503-b8b2e3e/terminfo.asd
trivial-rfc-1123, ghcr.io/ocicl/trivial-rfc-1123@sha256:b77a6f744d8a431b3163c2e642e771a57d9fa4760e98db769316792e1b6a0160, trivial-rfc-1123-20240503-9ef59c3/trivial-rfc-1123.asd
